[{"pk": 1, "model": "election.answer", "fields": {"text": "Test answer 1"}}, {"pk": 2, "model": "election.answer", "fields": {"text": "Test answer 2"}}, {"pk": 3, "model": "election.answer", "fields": {"text": "Test answer 3"}}, {"pk": 4, "model": "election.answer", "fields": {"text": "Test answer 4"}}, {"pk": 5, "model": "election.answer", "fields": {"text": "Test answer 5"}}, {"pk": 6, "model": "election.answer", "fields": {"text": "Test answer 6"}}, {"pk": 7, "model": "election.answer", "fields": {"text": "Test answer 7"}}, {"pk": 8, "model": "election.answer", "fields": {"text": "Test answer 8"}}, {"pk": 1, "model": "election.question", "fields": {"answer": [1, 2, 3, 4], "text": "Test question 1", "candidate": false, "max": 1}}, {"pk": 2, "model": "election.question", "fields": {"answer": [5, 6, 7, 8], "text": "Test question 2", "candidate": false, "max": 1}}, {"pk": 3, "model": "election.question", "fields": {"answer": [1, 3, 5, 7], "text": "Test question 3", "candidate": false, "max": 2}}, {"pk": 4, "model": "election.question", "fields": {"answer": [2, 4, 6, 8], "text": "Test question 4", "candidate": false, "max": 2}}, {"pk": 1, "model": "election.election", "fields": {"end": "2011-09-10 22:00:00", "name": "Test election 1", "created_at": null, "question": [1, 2, 3, 4], "created_by": "", "start": "2011-09-08 10:00:00", "visibility": false, "image": "", "description": "Test election 1 description"}}, {"pk": 1, "model": "election.voter", "fields": {"voted": false, "user": 3, "election": 1}}, {"pk": 2, "model": "election.voter", "fields": {"voted": false, "user": 4, "election": 1}}, {"pk": 3, "model": "election.voter", "fields": {"voted": false, "user": 5, "election": 1}}, {"pk": 4, "model": "election.voter", "fields": {"voted": false, "user": 6, "election": 1}}, {"pk": 5, "model": "election.voter", "fields": {"voted": false, "user": 7, "election": 1}}, {"pk": 6, "model": "election.voter", "fields": {"voted": false, "user": 8, "election": 1}}, {"pk": 7, "model": "election.voter", "fields": {"voted": false, "user": 9, "election": 1}}, {"pk": 8, "model": "election.voter", "fields": {"voted": false, "user": 10, "election": 1}}, {"pk": 9, "model": "election.voter", "fields": {"voted": false, "user": 11, "election": 1}}, {"pk": 10, "model": "election.voter", "fields": {"voted": true, "user": 12, "election": 1}}, {"pk": 11, "model": "election.voter", "fields": {"voted": true, "user": 17, "election": 1}}, {"pk": 1, "model": "election.candidate", "fields": {"user": 13, "election": 1}}, {"pk": 2, "model": "election.candidate", "fields": {"user": 14, "election": 1}}, {"pk": 3, "model": "election.candidate", "fields": {"user": 15, "election": 1}}, {"pk": 4, "model": "election.candidate", "fields": {"user": 16, "election": 1}}, {"pk": 22, "model": "auth.permission", "fields": {"codename": "add_logentry", "name": "Can add log entry", "content_type": 8}}, {"pk": 23, "model": "auth.permission", "fields": {"codename": "change_logentry", "name": "Can change log entry", "content_type": 8}}, {"pk": 24, "model": "auth.permission", "fields": {"codename": "delete_logentry", "name": "Can delete log entry", "content_type": 8}}, {"pk": 4, "model": "auth.permission", "fields": {"codename": "add_group", "name": "Can add group", "content_type": 2}}, {"pk": 5, "model": "auth.permission", "fields": {"codename": "change_group", "name": "Can change group", "content_type": 2}}, {"pk": 6, "model": "auth.permission", "fields": {"codename": "delete_group", "name": "Can delete group", "content_type": 2}}, {"pk": 10, "model": "auth.permission", "fields": {"codename": "add_message", "name": "Can add message", "content_type": 4}}, {"pk": 11, "model": "auth.permission", "fields": {"codename": "change_message", "name": "Can change message", "content_type": 4}}, {"pk": 12, "model": "auth.permission", "fields": {"codename": "delete_message", "name": "Can delete message", "content_type": 4}}, {"pk": 1, "model": "auth.permission", "fields": {"codename": "add_permission", "name": "Can add permission", "content_type": 1}}, {"pk": 2, "model": "auth.permission", "fields": {"codename": "change_permission", "name": "Can change permission", "content_type": 1}}, {"pk": 3, "model": "auth.permission", "fields": {"codename": "delete_permission", "name": "Can delete permission", "content_type": 1}}, {"pk": 7, "model": "auth.permission", "fields": {"codename": "add_user", "name": "Can add user", "content_type": 3}}, {"pk": 8, "model": "auth.permission", "fields": {"codename": "change_user", "name": "Can change user", "content_type": 3}}, {"pk": 9, "model": "auth.permission", "fields": {"codename": "delete_user", "name": "Can delete user", "content_type": 3}}, {"pk": 13, "model": "auth.permission", "fields": {"codename": "add_contenttype", "name": "Can add content type", "content_type": 5}}, {"pk": 14, "model": "auth.permission", "fields": {"codename": "change_contenttype", "name": "Can change content type", "content_type": 5}}, {"pk": 15, "model": "auth.permission", "fields": {"codename": "delete_contenttype", "name": "Can delete content type", "content_type": 5}}, {"pk": 25, "model": "auth.permission", "fields": {"codename": "add_answer", "name": "Can add answer", "content_type": 9}}, {"pk": 26, "model": "auth.permission", "fields": {"codename": "change_answer", "name": "Can change answer", "content_type": 9}}, {"pk": 27, "model": "auth.permission", "fields": {"codename": "delete_answer", "name": "Can delete answer", "content_type": 9}}, {"pk": 37, "model": "auth.permission", "fields": {"codename": "add_candidate", "name": "Can add candidate", "content_type": 13}}, {"pk": 38, "model": "auth.permission", "fields": {"codename": "change_candidate", "name": "Can change candidate", "content_type": 13}}, {"pk": 39, "model": "auth.permission", "fields": {"codename": "delete_candidate", "name": "Can delete candidate", "content_type": 13}}, {"pk": 31, "model": "auth.permission", "fields": {"codename": "add_election", "name": "Can add election", "content_type": 11}}, {"pk": 32, "model": "auth.permission", "fields": {"codename": "change_election", "name": "Can change election", "content_type": 11}}, {"pk": 33, "model": "auth.permission", "fields": {"codename": "delete_election", "name": "Can delete election", "content_type": 11}}, {"pk": 28, "model": "auth.permission", "fields": {"codename": "add_question", "name": "Can add question", "content_type": 10}}, {"pk": 29, "model": "auth.permission", "fields": {"codename": "change_question", "name": "Can change question", "content_type": 10}}, {"pk": 30, "model": "auth.permission", "fields": {"codename": "delete_question", "name": "Can delete question", "content_type": 10}}, {"pk": 34, "model": "auth.permission", "fields": {"codename": "add_voter", "name": "Can add voter", "content_type": 12}}, {"pk": 35, "model": "auth.permission", "fields": {"codename": "change_voter", "name": "Can change voter", "content_type": 12}}, {"pk": 36, "model": "auth.permission", "fields": {"codename": "delete_voter", "name": "Can delete voter", "content_type": 12}}, {"pk": 16, "model": "auth.permission", "fields": {"codename": "add_session", "name": "Can add session", "content_type": 6}}, {"pk": 17, "model": "auth.permission", "fields": {"codename": "change_session", "name": "Can change session", "content_type": 6}}, {"pk": 18, "model": "auth.permission", "fields": {"codename": "delete_session", "name": "Can delete session", "content_type": 6}}, {"pk": 19, "model": "auth.permission", "fields": {"codename": "add_site", "name": "Can add site", "content_type": 7}}, {"pk": 20, "model": "auth.permission", "fields": {"codename": "change_site", "name": "Can change site", "content_type": 7}}, {"pk": 21, "model": "auth.permission", "fields": {"codename": "delete_site", "name": "Can delete site", "content_type": 7}}, {"pk": 1, "model": "auth.user", "fields": {"username": "admin", "first_name": "", "last_name": "", "is_active": true, "is_superuser": true, "is_staff": true, "last_login": "2011-09-08 08:28:29", "groups": [], "user_permissions": [], "password": "sha1$e4905$7521b8de5bfb030faadcf1ef9c04750952540255", "email": "", "date_joined": "2011-09-08 08:14:39"}}, {"pk": 2, "model": "auth.user", "fields": {"username": "peter", "first_name": "", "last_name": "", "is_active": true, "is_superuser": false, "is_staff": true, "last_login": "2011-09-08 08:27:48", "groups": [], "user_permissions": [], "password": "sha1$a8176$1094285eb26546494d38d70f2e594150c29f830b", "email": "", "date_joined": "2011-09-08 08:14:44"}}, {"pk": 3, "model": "auth.user", "fields": {"username": "Voter1", "first_name": "", "last_name": "", "is_active": true, "is_superuser": false, "is_staff": false, "last_login": "2011-09-08 08:14:44", "groups": [], "user_permissions": [], "password": "sha1$5b7d2$b5fdf29c9d640f0f484239b3f6d35b1aa11f04f2", "email": "", "date_joined": "2011-09-08 08:14:44"}}, {"pk": 4, "model": "auth.user", "fields": {"username": "Voter2", "first_name": "", "last_name": "", "is_active": true, "is_superuser": false, "is_staff": false, "last_login": "2011-09-08 08:14:44", "groups": [], "user_permissions": [], "password": "sha1$dcde6$c7669e25a6886746079faf161441010767f726a7", "email": "", "date_joined": "2011-09-08 08:14:44"}}, {"pk": 5, "model": "auth.user", "fields": {"username": "Voter3", "first_name": "", "last_name": "", "is_active": true, "is_superuser": false, "is_staff": false, "last_login": "2011-09-08 08:14:44", "groups": [], "user_permissions": [], "password": "sha1$7ac99$3be37eb5b8cdae00e44a6aa8dca7c50fcb34afb7", "email": "", "date_joined": "2011-09-08 08:14:44"}}, {"pk": 6, "model": "auth.user", "fields": {"username": "Voter4", "first_name": "", "last_name": "", "is_active": true, "is_superuser": false, "is_staff": false, "last_login": "2011-09-08 08:14:44", "groups": [], "user_permissions": [], "password": "sha1$6a5c6$e97c65ecd7bbb54be1049160132a4e91f605da96", "email": "", "date_joined": "2011-09-08 08:14:44"}}, {"pk": 7, "model": "auth.user", "fields": {"username": "Voter5", "first_name": "", "last_name": "", "is_active": true, "is_superuser": false, "is_staff": false, "last_login": "2011-09-08 08:14:44", "groups": [], "user_permissions": [], "password": "sha1$fd95c$910cd6bba3439e191630621bb31317d15098abab", "email": "", "date_joined": "2011-09-08 08:14:44"}}, {"pk": 8, "model": "auth.user", "fields": {"username": "Voter6", "first_name": "", "last_name": "", "is_active": true, "is_superuser": false, "is_staff": false, "last_login": "2011-09-08 08:14:44", "groups": [], "user_permissions": [], "password": "sha1$f0bdf$b99e0184ac5cef1382201de91992dd7e6950bd11", "email": "", "date_joined": "2011-09-08 08:14:44"}}, {"pk": 9, "model": "auth.user", "fields": {"username": "Voter7", "first_name": "", "last_name": "", "is_active": true, "is_superuser": false, "is_staff": false, "last_login": "2011-09-08 08:14:44", "groups": [], "user_permissions": [], "password": "sha1$2dfb6$a39db169e7c3ea828652aede1913217023797946", "email": "", "date_joined": "2011-09-08 08:14:44"}}, {"pk": 10, "model": "auth.user", "fields": {"username": "Voter8", "first_name": "", "last_name": "", "is_active": true, "is_superuser": false, "is_staff": false, "last_login": "2011-09-08 08:14:44", "groups": [], "user_permissions": [], "password": "sha1$c1f06$ef2deed4b832a638c9c2e80f8399d74c891ea8a2", "email": "", "date_joined": "2011-09-08 08:14:44"}}, {"pk": 11, "model": "auth.user", "fields": {"username": "Voter9", "first_name": "", "last_name": "", "is_active": true, "is_superuser": false, "is_staff": false, "last_login": "2011-09-08 08:14:44", "groups": [], "user_permissions": [], "password": "sha1$2a377$3adfd69d4233ba345c1bf2be30978db1b89d4559", "email": "", "date_joined": "2011-09-08 08:14:44"}}, {"pk": 12, "model": "auth.user", "fields": {"username": "Voter10", "first_name": "", "last_name": "", "is_active": true, "is_superuser": false, "is_staff": false, "last_login": "2011-09-08 08:14:44", "groups": [], "user_permissions": [], "password": "sha1$0a1a2$56bb6a4142c95fa012cf168c714cd818c47a27c0", "email": "", "date_joined": "2011-09-08 08:14:44"}}, {"pk": 13, "model": "auth.user", "fields": {"username": "Candidate1", "first_name": "", "last_name": "", "is_active": true, "is_superuser": false, "is_staff": false, "last_login": "2011-09-08 08:36:13", "groups": [], "user_permissions": [], "password": "sha1$94fb3$f3060056df1055009bfd7eb9fa7c2b416cc9c6e1", "email": "", "date_joined": "2011-09-08 08:36:13"}}, {"pk": 14, "model": "auth.user", "fields": {"username": "Candidate2", "first_name": "", "last_name": "", "is_active": true, "is_superuser": false, "is_staff": false, "last_login": "2011-09-08 08:36:29", "groups": [], "user_permissions": [], "password": "sha1$94d5e$ca3d9eb2716ed40dd404d51fab3020be3bd74f22", "email": "", "date_joined": "2011-09-08 08:36:29"}}, {"pk": 15, "model": "auth.user", "fields": {"username": "Candidate3", "first_name": "", "last_name": "", "is_active": true, "is_superuser": false, "is_staff": false, "last_login": "2011-09-08 08:36:42", "groups": [], "user_permissions": [], "password": "sha1$c6a40$ecc740071cf6930c18b00ffcbfbd875b6e83c76b", "email": "", "date_joined": "2011-09-08 08:36:42"}}, {"pk": 16, "model": "auth.user", "fields": {"username": "Candidate4", "first_name": "", "last_name": "", "is_active": true, "is_superuser": false, "is_staff": false, "last_login": "2011-09-08 08:36:57", "groups": [], "user_permissions": [], "password": "sha1$d31de$f055570fdad607c72c30a0071e664ac66e8e6e5f", "email": "", "date_joined": "2011-09-08 08:36:57"}}, {"pk": 17, "model": "auth.user", "fields": {"username": "Voter11", "first_name": "", "last_name": "", "is_active": true, "is_superuser": false, "is_staff": false, "last_login": "2011-09-08 09:46:16", "groups": [], "user_permissions": [], "password": "sha1$854d9$9f6d94355f9bfc34573ab223c2b3b6d75cc6caf9", "email": "", "date_joined": "2011-09-08 09:46:16"}}]